name,website,frame_maker,open_year,close_year,logo_url 
"24seven", "http://www.leisurelakesbikes.com/bikes/bmx-bikes/b/24seven", "true", "", "", 
"3G", "http://www.3gbikes.com/", "true", "", "", 
"3T", "", "", "", "", 
"3rd Eye", "", "", "", "", 
"3rensho", "", "true", "", "", 
"45North", "", "", "", "", 
"4ZA", "", "", "", "", 
"6KU", "http://6kubikes.com", "true", "", "", 
"9 zero 7", "https://www.facebook.com/9Zero7Bikes", "true", "", "", 
"A-Class", "", "", "", "", 
"A-bike", "http://www.a-bike.co.uk/", "true", "", "", 
"A2B e-bikes", "http://www.wearea2b.com/us/", "true", "", "", 
"ABI", "", "", "", "", 
"ACS", "", "", "", "", 
"AGang", "http://www.agang.eu", "true", "", "", 
"ALAN", "http://www.alanbike.it/", "true", "", "", 
"AMF", "", "true", "", "", 
"AXA", "http://www.axa-stenman.com/en/bicycle-components/locks/frame-locks/defender/", "false", "", "", 
"Aardvark", "", "", "", "", 
"Abici", "http://www.abici-italia.it/en/index.html", "true", "", "", 
"Abus", "http://www.abus.com/eng/Mobile-Security/Bike-safety-and-security/Locks", "false", "", "", 
"Accelerade", "", "", "", "", 
"Accell", "http://www.accell-group.com/uk/accell-group.asp", "true", "", "", 
"Access", "https://www.performancebike.com/", "true", "", "", 
"Acros", "", "", "", "", 
"Acstar", "http://www.acstar.cz/", "true", "", "", 
"Adolphe Clément", "", "true", "", "", 
"Adventure Medical Kits", "", "", "", "", 
"Aegis", "http://www.aegisbicycles.com/home.html", "true", "", "", 
"Aerofix Cycles", "http://www.aerofixcycles.com/", "true", "", "", 
"Affinity Cycles", "http://affinitycycles.com/", "true", "", "", 
"AheadSet", "", "", "", "", 
"Airborne", "http://www.airbornebicycles.com/", "true", "", "", 
"Aist Bicycles", "http://aist-bike.com/", "true", "", "", 
"Aladdin", "", "", "", "", 
"Alcyon", "", "true", "", "", 
"Alex", "", "", "", "", 
"Alexander Leutner & Co.", "", "true", "", "", 
"Alien Bikes", "http://alienbikes.com/", "true", "", "", 
"Alienation", "", "", "", "", 
"Alite Designs", "", "", "", "", 
"All City", "http://allcitycycles.com", "true", "", "", 
"Alldays & Onions", "", "true", "", "", 
"Alliance", "http://alliancebicycles.com/", "true", "", "", 
"American Bicycle Company", "", "true", "", "", 
"American Classic", "", "", "", "", 
"American Machine and Foundry", "", "true", "", "", 
"American Star Bicycle", "", "true", "", "", 
"Amoeba", "http://www.amoebaparts.com/", "true", "", "", 
"And", "", "", "", "", 
"Andiamo", "", "", "", "", 
"Answer BMX", "", "", "", "", 
"Apollo", "http://www.apollobikes.com/", "true", "", "", 
"Aqua Sphere", "", "", "", "", 
"Aquamira", "", "", "", "", 
"Arai", "", "", "", "", 
"Argon 18", "http://www.argon18bike.com/velo.html", "true", "", "", 
"Asama", "http://www.asamabicycles.com/", "true", "", "", 
"Asda", "http://direct.asda.com/Bikes/AD080202,default,sc.html", "true", "", "", 
"Assos", "", "", "", "", 
"Atala", "", "true", "", "", 
"Atomlab", "", "", "", "", 
"Author", "http://www.author.eu/", "true", "", "", 
"Avalon", "http://www.walmart.com/", "true", "", "", 
"Avanti", "http://www.avantibikes.com/nz/", "true", "", "", 
"Aventón", "http://aventonbikes.com/", "true", "", "", 
"Avid", "", "", "", "", 
"Axiom", "", "", "", "", 
"Axle Release", "", "", "", "", 
"Azonic", "http://www.oneal.com/index.php/home/azonic-prime", "true", "", "", 
"Azor", "http://www.azor.nl/", "true", "", "", 
"Aztec", "", "", "", "", 
"Azzuri", "http://www.azzurribikes.com/", "true", "", "", 
"BCA", "", "", "", "", 
"BH Bikes (Beistegui Hermanos)", "http://bhbikes-us.com", "true", "", "", 
"BMC", "http://www.bmc-racing.com", "true", "", "", 
"BOB", "http://www.bobgear.com/bike-trailers", "false", "", "", 
"BONT", "", "", "", "", 
"BOX", "", "", "", "", 
"BSD", "", "", "", "", 
"BULLITT", "http://www.larryvsharry.com/english/", "true", "", "", 
"Bacchetta", "http://www.bacchettabikes.com/", "true", "", "", 
"Backpacker's Pantry", "", "", "", "", 
"Backward Circle", "http://www.backwardcircle.com/", "true", "", "", 
"Bahco", "", "", "", "", 
"Bailey", "http://www.bailey-bikes.com", "true", "", "", 
"Baladeo", "", "", "", "", 
"Bamboo Cycles", "http://bamboocycles.com/", "true", "", "", 
"Banjo Brothers", "", "", "", "", 
"Banshee bikes", "http://www.bansheebikes.com", "true", "", "", 
"Bar Mitts", "", "", "", "", 
"Barracuda", "http://www.barracudabikes.co.uk/", "true", "", "", 
"Basso", "http://www.bassobikes.com/", "true", "", "", 
"Batavus", "http://www.batavus.com/", "true", "", "", 
"Bazooka", "http://www.bazookasports.com/", "true", "", "", 
"BeOne", "http://www.beone-bikes.com/", "true", "", "", 
"Beater Bikes", "http://beaterbikes.net/", "true", "", "", 
"Bell", "", "false", "", "", 
"Bellwether", "", "", "", "", 
"Benotto", "", "true", "", "", 
"Bergamont", "http://www.bergamont.de/", "true", "", "", 
"Bertucci", "", "", "", "", 
"Bianchi", "http://www.bianchi.com/", "true", "", "", 
"Bickerton", "", "true", "", "", 
"Bicycle Research", "", "", "", "", 
"Big Agnes Inc", "", "", "", "", 
"Big Shot", "http://www.bigshotbikes.com/", "true", "", "", 
"Bike Fit Systems", "", "", "", "", 
"Bike Friday", "http://bikefriday.com/", "true", "", "", 
"Bike Mielec", "http://www.bikemielec.com/", "true", "", "", 
"Bike Ribbon", "", "", "", "", 
"Bike-Aid", "", "", "", "", 
"Bike-Eye", "", "", "", "", 
"Bike-O-Vision", "", "", "", "", 
"Bike4Life", "", "true", "", "", 
"BikeE recumbents", "", "true", "", "", 
"Bikes Belong", "", "", "", "", 
"Bikeverywhere", "", "", "", "", 
"Bilenky Cycle Works", "http://www.bilenky.com/Home.html", "true", "", "", 
"Biomega", "http://biomega.dk/biomega.aspx", "true", "", "", 
"BionX", "", "", "", "", 
"Birdy", "http://www.birdybike.com/", "true", "", "", 
"Biria", "http://www.biria.com/", "true", "", "", 
"Birmingham Small Arms Company", "", "true", "", "", 
"Bishop", "http://bishopbikes.com/", "true", "", "", 
"Black Diamond", "", "", "", "", 
"Black Market", "http://www.blackmarketbikes.com", "true", "", "", 
"Black Mountain Cycles", "http://www.blackmtncycles.com/", "true", "", "", 
"Black Sheep Bikes", "http://blacksheepbikes.com/", "true", "", "", 
"Blue", "http://www.rideblue.com/", "true", "", "", 
"Boardman Bikes", "http://www.boardmanbikes.com/", "true", "", "", 
"Bobbin", "http://www.bobbinbikes.co.uk/", "true", "", "", 
"BodyGlide", "", "", "", "", 
"Boeshield", "", "", "", "", 
"Bohemian Bicycles", "http://www.bohemianbicycles.com/", "true", "", "", 
"Bondhus", "", "", "", "", 
"Bonk Breaker", "", "", "", "", 
"Boo Bicycles", "http://boobicycles.com/", "true", "", "", 
"Boreal", "http://borealbikes.com/", "true", "", "", 
"Borealis (fat bikes)", "http://www.borealisbikes.com/", "true", "", "", 
"Boreas Gear", "", "", "", "", 
"Borile", "http://www.borile.it/gb_chi.html", "true", "", "", 
"Bottecchia", "http://www.bottecchia.co.uk/", "true", "", "", 
"Boulder Bicycles", "http://www.renehersebicycles.com/Randonneur%20bikes.htm", "true", "", "", 
"Brannock Device Co", "", "", "", "", 
"Brasil & Movimento", "http://www.brasilemovimento.com.br", "true", "", "", 
"Brave Soldier", "", "", "", "", 
"Breadwinner", "http://breadwinnercycles.com/", "true", "", "", 
"Breezer", "http://www.breezerbikes.com/", "true", "", "", 
"Brennabor", "http://brennabor.pl/", "true", "", "", 
"Bridgestone", "http://www.bridgestone.com/", "true", "", "", 
"British Eagle", "", "true", "", "", 
"Brodie", "http://www.brodiebikes.com/2014/", "true", "", "", 
"Broke Bikes", "https://brokebik.es/", "true", "", "", 
"Brompton Bicycle", "http://www.brompton.co.uk/", "true", "", "", 
"Brooklyn Bicycle Co.", "http://www.brooklynbicycleco.com/", "true", "", "", 
"Brooks England LTD.", "http://www.brooksengland.com/", "false", "", "", 
"Browning", "", "true", "", "", 
"Brunswick Corporation", "http://www.brunswick.com/", "true", "", "", 
"Brush Research", "", "", "", "", 
"Budnitz", "http://budnitzbicycles.com/", "true", "", "", 
"Buff", "", "", "", "", 
"Burley", "", "", "", "", 
"Burley Design", "http://www.burley.com/", "true", "", "", 
"Bushnell", "", "", "", "", 
"Buzzy's", "", "", "", "", 
"CCM", "", "true", "", "", 
"CDI Torque Products", "", "", "", "", 
"CHUMBA Racing", "http://chumbabikes.com/", "true", "", "", 
"CRUD", "", "", "", "", 
"CST", "", "", "", "", 
"CVLN (Civilian)", "http://www.ridecvln.com/", "true", "", "", 
"CX Tape", "", "", "", "", 
"Caffelatex", "", "", "", "", 
"Calcott Brothers", "", "true", "", "", 
"Calfee Design", "http://www.calfeedesign.com/", "true", "", "", 
"California Springs", "", "", "", "", 
"Caloi", "http://www.caloi.com/home/", "true", "", "", 
"Camelbak", "http://www.camelbak.com/", "false", "", "", 
"Camillus", "", "", "", "", 
"Campagnolo", "http://www.campagnolo.com/", "false", "", "", 
"Campion Cycle Company", "", "true", "", "", 
"Cane Creek", "http://www.canecreek.com/", "false", "", "", 
"Canfield Brothers", "http://canfieldbrothers.com/", "true", "", "", 
"Cannondale", "http://www.cannondale.com/", "true", "", "", 
"Canyon bicycles", "http://www.canyon.com/", "true", "", "", 
"Carmichael Training Systems", "", "", "", "", 
"Carrera bicycles", "http://www.carrera-podium.it/", "true", "", "", 
"CatEye", "", "", "", "", 
"Catrike", "http://www.catrike.com/", "true", "", "", 
"Cayne", "http://www.sun.bike/", "true", "", "", 
"Centurion", "http://www.centurion.de/en_int", "true", "", "", 
"CeramicSpeed", "", "", "", "", 
"Cervélo", "http://www.cervelo.com/en/", "true", "", "", 
"Chadwick", "", "", "", "", 
"Challenge", "", "", "", "", 
"Charge", "http://www.chargebikes.com/", "true", "", "", 
"Chariot", "http://www.thule.com/en-us/us/products/active-with-kids", "true", "", "", 
"Chase", "", "", "", "", 
"Chater-Lea", "", "true", "", "", 
"Chicago Bicycle Company", "", "true", "", "", 
"Chris King", "", "", "", "", 
"Christiania Bikes", "http://christianiabikes.com/en/", "true", "", "", 
"Chromag", "http://www.chromagbikes.com", "true", "", "", 
"Cielo", "http://cielo.chrisking.com/", "true", "", "", 
"Cignal", "", "true", "", "", 
"Cilo", "", "true", "", "", 
"Cinelli", "http://www.cinelli-usa.com/", "true", "", "", 
"Ciocc", "http://www.ciocc.it/", "true", "", "", 
"Citizen Bike", "http://www.citizenbike.com/", "true", "", "", 
"City Bicycles Company", "http://citybicycleco.com", "true", "", "", 
"Civia", "http://www.civiacycles.com", "true", "", "", 
"Clark-Kent", "", "true", "", "", 
"Claud Butler", "http://claudbutler.co.uk/", "true", "", "", 
"Clean Bottle", "", "", "", "", 
"Clement", "", "", "", "", 
"Cloud Nine", "", "", "", "", 
"Club Roost", "", "", "", "", 
"Co-Motion", "http://www.co-motion.com/", "true", "", "", 
"Coker Tire", "http://www.cokertire.com/", "true", "", "", 
"Colnago", "http://www.colnago.com/bicycles/", "true", "", "", 
"Colony", "http://www.colonybmx.com", "true", "", "", 
"Columbia", "", "true", "", "", 
"Columbus Tubing", "http://www.columbustubi.com/", "true", "", "", 
"Competition Cycles Services", "", "", "", "", 
"Condor", "http://www.condorcycles.com/", "true", "", "", 
"Conor", "http://www.conorbikes.com/", "true", "", "", 
"Continental", "", "", "", "", 
"Contour Sport", "", "", "", "", 
"Cook Bros. Racing", "", "true", "", "", 
"Cooper Bikes", "http://www.cooperbikes.com", "true", "", "", 
"Corima", "http://www.corima.com/", "true", "", "", 
"Corratec", "http://www.corratec.com/", "true", "", "", 
"Cortina Cycles", "http://www.cortinacycles.com/", "true", "", "", 
"Cove", "http://covebike.com/", "true", "", "", 
"Craft", "", "", "", "", 
"Crank Brothers", "", "", "", "", 
"Crank2", "http://www.crank-2.com", "true", "", "", 
"Crazy Creek", "", "", "", "", 
"Create", "http://www.createbikes.com/", "true", "", "", 
"Creme Cycles", "http://cremecycles.com", "true", "", "", 
"Crescent Moon", "", "", "", "", 
"Crew", "http://crewbikeco.com/", "true", "", "", 
"Critical Cycles", "http://www.criticalcycles.com/", "true", "", "", 
"Crumpton", "http://www.crumptoncycles.com/", "true", "", "", 
"Cube", "http://www.cube.eu/en/cube-bikes/", "true", "", "", 
"CueClip", "", "", "", "", 
"Cult", "http://www.cultcrew.com", "true", "", "", 
"Currie Technology (Currietech)", "http://www.currietech.com/", "true", "", "", 
"Currys", "http://www.currys.co.uk/gbuk/index.html", "true", "", "", 
"Cycle Dog", "", "", "", "", 
"Cycle Force Group", "http://www.cyclefg.com/", "true", "", "", 
"Cycle Stuff", "", "", "", "", 
"CycleAware", "", "", "", "", 
"CycleOps", "", "", "", "", 
"CyclePro", "", "true", "", "", 
"Cycles Fanatic", "http://www.cyclesfanatic.com/", "true", "", "", 
"Cycles Follis", "", "true", "", "", 
"Cycleurope", "http://www.cycleurope.com", "true", "", "", 
"Cyclo", "", "", "", "", 
"Cycloc", "", "", "", "", 
"Cyfac", "http://www.cyfac.fr/index.aspx", "true", "", "", 
"CygoLite", "", "", "", "", 
"Cytosport", "", "", "", "", 
"DAJO", "", "", "", "", 
"DEAN", "http://www.deanbikes.com", "true", "", "", 
"DHS", "http://www.dhsbike.hu/", "true", "", "", 
"DIG BMX", "", "", "", "", 
"DK Bikes", "http://www.dkbicycles.com/", "true", "", "", 
"DMR Bikes", "http://www.dmrbikes.com/", "true", "", "", 
"DNP", "", "", "", "", 
"DT Swiss", "", "", "", "", 
"DZ Nuts", "", "", "", "", 
"Da Bomb Bikes", "http://www.dabombbike.com/", "true", "", "", 
"Daccordi", "http://www.daccordicicli.com/", "true", "", "", 
"Dahon", "http://www.dahon.com/", "true", "", "", 
"Davidson", "http://davidsonbicycles.com/", "true", "", "", 
"Dawes Cycles", "http://www.dawescycles.com/", "true", "", "", 
"De Rosa", "http://www.derosanews.com/", "true", "", "", 
"DeBernardi", "http://www.zarbikes.com/zar/about-debernardi.html", "true", "", "", 
"DeFeet", "", "", "", "", 
"DeSalvo Cycles", "http://www.desalvocycles.com/", "true", "", "", 
"Decathlon", "http://www.decathlon.fr", "true", "", "", 
"Deco", "", "", "", "", 
"Deda Elementi", "", "", "", "", 
"Deity", "http://www.deitycomponents.com/", "true", "", "", 
"Del Sol", "http://www.ridedelsol.com/bikes", "true", "", "", 
"Della Santa", "http://dellasanta.com/", "true", "", "", 
"Delta", "", "", "", "", 
"Deluxe", "", "", "", "", 
"Demolition", "", "", "", "", 
"Den Beste Sykkel", "http://www.dbs.no/", "true", "", "", 
"Dengfu", "http://dengfubikes.com/", "true", "", "", 
"Derby Cycle", "http://www.derby-cycle.com/en.html", "true", "", "", 
"Dermatone", "", "", "", "", 
"Dero", "", "", "", "", 
"Detroit Bikes", "http://detroitbikes.com/", "true", "", "", 
"Deuter", "", "", "", "", 
"Devinci", "http://www.devinci.com/home.html", "true", "", "", 
"Di Blasi Industriale", "http://www.diblasi.it/?lng=en", "true", "", "", 
"Dia-Compe", "", "", "", "", 
"DiaTech", "", "", "", "", 
"Diadora", "http://www.diadoraamerica.com/", "true", "", "", 
"Diamant", "http://www.diamantrad.com/home/", "true", "", "", 
"Diamondback", "http://www.diamondback.com/", "true", "", "", 
"Dicta", "", "", "", "", 
"Dimension", "", "", "", "", 
"Discwing", "", "", "", "", 
"Doberman", " https://www.facebook.com/DobermannBikes", "true", "", "", 
"Dodici Milano", "http://www.dodicicicli.com/", "true", "", "", 
"Dolan", "http://www.dolan-bikes.com/", "true", "", "", 
"Dorel Industries", "http://www.dorel.com/", "true", "", "", 
"Dual Eyewear", "", "", "", "", 
"Dualco", "", "", "", "", 
"Dynacraft", "http://www.dynacraftbike.com/", "true", "", "", 
"Dynamic Bicycles", "http://www.dynamicbicycles.com/", "true", "", "", 
"Dyno", "", "true", "", "", 
"E-Case", "", "", "", "", 
"E. C. Stearns Bicycle Agency", "", "true", "", "", 
"EAI (Euro Asia Imports)", "http://www.euroasiaimports.com/aboutus.asp", "true", "", "", 
"EBC", "", "", "", "", 
"EG Bikes (Metronome)", "http://www.egbike.com/", "true", "", "", 
"EK USA", "", "", "", "", 
"EMC Bikes", "http://www.emcbikes.com/", "true", "", "", 
"ENVE Composites", "", "", "", "", 
"ESI", "", "", "", "", 
"EVS Sports", "", "", "", "", 
"EZ Pedaler (EZ Pedaler electric bikes)", "http://www.ezpedaler.com/", "true", "", "", 
"Eagle Bicycle Manufacturing Company", "http:// none", "true", "", "", 
"Eagles Nest Outfitters", "", "", "", "", 
"East Germany", "http://www.easternbikes.com/dealers/", "true", "", "", 
"Eastern", "http://easternbikes.com/", "true", "", "", 
"Easy Motion", "http://www.emotionbikesusa.com/", "true", "", "", 
"Ebisu", "http://www.jitensha.com/eng/aboutframes_e.html", "true", "", "", 
"Eddy Merckx", "http://www.eddymerckx.be/", "true", "", "", 
"Edinburgh Bicycle Co-operative", "http://www.edinburghbicycle.com/", "true", "", "", 
"EighthInch", "http://www.eighthinch.com", "true", "", "", 
"Electra", "http://www.electrabike.com/", "true", "", "", 
"Elevn Technologies", "", "", "", "", 
"Elite SRL", "", "", "", "", 
"Elliptigo", "http://www.elliptigo.com/", "true", "", "", 
"Ellis", "http://www.elliscycles.com/", "true", "", "", 
"Ellis Briggs", "http://www.ellisbriggscycles.co.uk/", "true", "", "", 
"Ellsworth", "http:// www.­ellsworthride.­com", "true", "", "", 
"Emilio Bozzi", "http:// none", "true", "", "", 
"Endurance Films", "", "", "", "", 
"Enduro", "", "", "", "", 
"Endurox", "", "", "", "", 
"Energizer", "", "", "", "", 
"Enigma Titanium", "http://www.enigmabikes.com/", "true", "", "", 
"Epic", "", "", "", "", 
"Ergon", "", "", "", "", 
"Esbit", "", "", "", "", 
"Europa", "http://www.europacycles.com.au/", "true", "", "", 
"Evelo", "http://www.evelo.com/", "true", "", "", 
"Eveready", "", "", "", "", 
"Evil", "http://www.evil-bikes.com", "true", "", "", 
"Excess Components", "", "", "", "", 
"Exustar", "", "", "", "", 
"FBM", "http://fbmbmx.com", "true", "", "", 
"FRAMED", "http://www.framedbikes.com/", "true", "", "", 
"FSA (Full Speed Ahead)", "", "false", "", "", 
"Faggin", "http://www.fagginbikes.com/en", "true", "", "", 
"Failure", "http://www.failurebikes.com/", "true", "", "", 
"Fairdale", "http://fairdalebikes.com/", "true", "", "", 
"Falco Bikes", "http://www.falcobike.com/", "true", "", "", 
"Falcon", "http://www.falconcycles.co.uk/CORP/aboutFalcon.html", "true", "", "", 
"Faraday", "http://www.faradaybikes.com/", "true", "", "", 
"Fast Wax", "", "", "", "", 
"Fat City Cycles", "http:// none", "true", "", "", 
"Fatback", "http://fatbackbikes.com/", "true", "", "", 
"Fausto Coppi", "", "true", "", "", 
"Federal", "http://www.federalbikes.com", "true", "", "", 
"Felt", "http://www.feltbicycles.com/", "true", "", "", 
"Fetish", "https://www.facebook.com/FetishCycles", "true", "", "", 
"Fezzari", "http://www.fezzari.com/", "true", "", "", 
"FiberFix", "", "", "", "", 
"Fiction", "", "", "", "", 
"Field", "http://www.fieldcycles.com/", "true", "", "", 
"Finish Line", "", "", "", "", 
"Finite", "", "", "", "", 
"Firefox", "http://www.firefoxbikes.com/", "true", "", "", 
"Firenze", "", "true", "", "", 
"Firmstrong", "http://www.firmstrong.com/", "true", "", "", 
"First Endurance", "", "", "", "", 
"Fit bike Co.", "", "true", "", "", 
"Fizik", "", "", "", "", 
"Fleet Velo", "http://fleetvelo.com/fv/", "true", "", "", 
"Fleetwing", "http:// none", "true", "", "", 
"Flybikes", "", "", "", "", 
"Flying Pigeon", "http://flyingpigeon-la.com/", "true", "", "", 
"Flying Scot", "http://www.flying-scot.com/core/welcome.html", "true", "", "", 
"Focale44", "http://www.focale44bikes.com/", "true", "", "", 
"Focus", "http://www.focus-bikes.com/int/en/home.html", "true", "", "", 
"Foggle", "", "", "", "", 
"Fokhan", "", "true", "", "", 
"Folmer & Schwing", "", "true", "", "", 
"Fondriest", "http://www.fondriestbici.com", "true", "", "", 
"Forge Bikes", "http://forgebikes.com/", "true", "", "", 
"Formula", "", "", "", "", 
"Fortified (lights)", "http://fortifiedbike.com/", "true", "", "", 
"Foundry Cycles", "http://foundrycycles.com/", "true", "", "", 
"Fox", "", "false", "", "", 
"Fram", "http://wsid9d3eg.homepage.t-online.de", "true", "", "", 
"Frances", "http://francescycles.com/", "true", "", "", 
"Francesco Moser (F. Moser)", "http://www.mosercycles.com/", "true", "", "", 
"Freddie Grubb", "", "true", "", "", 
"Free Agent", "http://www.freeagentbmx.com/", "true", "", "", 
"Free Spirit", "", "true", "", "", 
"Freedom", "", "", "", "", 
"Freeload", "", "", "", "", 
"FuelBelt", "", "", "", "", 
"Fuji", "http://www.fujibikes.com/", "true", "", "", 
"Fulcrum", "", "", "", "", 
"Fyxation", "http://www.fyxation.com/", "true", "", "", 
"G Sport", "", "", "", "", 
"G-Form", "", "", "", "", 
"GMC", "", "true", "", "", 
"GT Bicycles", "http://www.gtbicycles.com/", "true", "", "", 
"GU", "", "", "", "", 
"Gamut", "", "", "", "", 
"Gardin", "", "true", "", "", 
"Garmin", "", "", "", "", 
"Gary Fisher", "http://www.trekbikes.com/us/en/collections/gary_fisher/", "true", "", "", 
"Gates Carbon Drive", "", "", "", "", 
"Gateway", "", "", "", "", 
"Gavin", "http://www.gavinbikes.com/", "true", "", "", 
"Gazelle", "http://www.gazelle.us.com/", "true", "", "", 
"Gear Aid", "", "", "", "", 
"Gear Clamp", "", "", "", "", 
"Gear Up", "", "", "", "", 
"Geax", "", "", "", "", 
"Gendron Bicycles", "http://www.gendron-bicycles.ca/", "true", "", "", 
"Genesis", "http://www.genesisbikes.co.uk/", "true", "", "", 
"Genuine Innovations", "", "", "", "", 
"Geotech", "http://www.geotechbikes.com", "true", "", "", 
"Gepida", "http://www.gepida.eu/", "true", "", "", 
"Ghost", "http://www.ghost-bikes.com", "true", "", "", 
"Giant", "http://www.giant-bicycles.com/", "true", "", "", 
"Gibbon Slacklines", "", "", "", "", 
"Gilmour", "http://www.gilmourbicycles.us/", "true", "", "", 
"Giordano", "http://giordanobicycles.com/", "true", "", "", 
"Gitane", "http://www.gitaneusa.com/", "true", "", "", 
"Glacier Glove", "", "", "", "", 
"Gladiator Cycle Company", "http://www.cyclesgladiator.com/", "true", "", "", 
"Globe", "http://www.specialized.com/us/en/bikes/globe", "true", "", "", 
"Gnome et Rhône", "", "true", "", "", 
"GoGirl", "", "", "", "", 
"Gomier", "", "true", "", "", 
"Gore", "", "", "", "", 
"Gormully & Jeffery", "", "true", "", "", 
"Grab On", "", "", "", "", 
"Grabber", "", "", "", "", 
"Graber", "", "", "", "", 
"Graflex", "http://graflex.org/", "true", "", "", 
"Granite Gear", "", "", "", "", 
"Gravity", "http://www.bikesdirect.com/", "true", "", "", 
"Greenfield", "", "", "", "", 
"Greenspeed", "http://www.greenspeed.com.au/", "true", "", "", 
"Gudereit", "http://www.gudereit.de", "true", "", "", 
"Guerciotti", "http://www.guerciotti.it/", "true", "", "", 
"Gunnar", "http://gunnarbikes.com/site/", "true", "", "", 
"Guru", "http://www.gurucycles.com/en", "true", "", "", 
"Guyot Designs", "", "", "", "", 
"H Plus Son", "", "", "", "", 
"HBBC (Huntington Beach Bicycle, Co)", "http://hbbcinc.com/", "true", "", "", 
"HED", "", "", "", "", 
"HP Velotechnik", "http://www.hpvelotechnik.com", "true", "", "", 
"Haibike (Currietech)", "http://www.currietech.com/", "true", "", "", 
"Halo", "", "", "", "", 
"Hammer Nutrition", "", "", "", "", 
"Handsome Cycles", "http://www.handsomecycles.com", "true", "", "", 
"Handspun", "", "", "", "", 
"Hanford", "https://www.facebook.com/pages/Hanford-Cycles/230458813647205", "true", "", "", 
"Haro", "http://www.harobikes.com", "true", "", "", 
"Harry Quinn", "", "true", "", "", 
"Harvey Cycle Works", "http://harveykevin65.wix.com/harveycycleworks", "true", "", "", 
"Hasa", "http://www.hasa.com.tw/", "true", "", "", 
"Hase bikes", "http://hasebikes.com/", "true", "", "", 
"Hayes", "", "", "", "", 
"Head", "", "true", "", "", 
"Headsweats", "", "", "", "", 
"Heinkel", "http://www.heinkeltourist.com/", "true", "", "", 
"Helkama", "http://www.helkamavelox.fi/en/", "true", "", "", 
"Hercules Fahrrad GmbH & Co", "", "true", "", "", 
"Heritage", "http://www.heritagebicycles.com/", "true", "", "", https://bikeindex.s3.amazonaws.com/uploads/Ma/995/heritage-logo.png 
"Herkelmann", "http://www.herkelmannbikes.com/", "true", "", "", 
"Hero Cycles Ltd", "http://www.herocycles.com/", "true", "", "", 
"Heron", "http://www.heronbicycles.com/", "true", "", "", 
"Hetchins", "http://www.hetchins.org/", "true", "", "", 
"High Gear", "", "", "", "", 
"Highland", "", "", "", "", 
"Hija de la Coneja", "https://www.facebook.com/hijadelaconeja", "true", "", "", 
"Hillman", "http://hillmancycles.com.au", "true", "", "", 
"Hirschfeld", "", "true", "", "", 
"Hirzl", "", "", "", "", 
"Hobson", "", "", "", "", 
"Hoffman", "http://hoffmanbikes.com/", "true", "", "", 
"Holdsworth", "http://www.holdsworthbikes.co.uk/", "true", "", "", 
"Honey Stinger", "", "", "", "", 
"Hope", "", "", "", "", 
"House of Talents", "", "", "", "", 
"Hozan", "", "", "", "", 
"HubBub", "", "", "", "", 
"Hudz", "", "", "", "", 
"Huffy", "http://www.huffybikes.com", "true", "", "", 
"Hufnagel", "http://www.hufnagelcycles.com/", "true", "", "", 
"Humangear", "", "", "", "", 
"Humber", "http://en.wikipedia.org/wiki/Humber_(bicycle)", "true", "", "", 
"Humble Frameworks", "http://www.humbleframeworks.cc", "true", "", "", 
"Hunter", "http://www.huntercycles.com/", "true", "", "", 
"Hurricane Components", "", "", "", "", 
"Hurtu", "http://en.wikipedia.org/wiki/Hurtu", "true", "", "", 
"Hutchinson", "", "", "", "", 
"Hyalite Equipment", "", "", "", "", 
"Hydrapak", "", "", "", "", 
"Hyper", "http://www.hyperbicycles.com/", "true", "", "", 
"IBEX", "http://ibexbikes.com/", "true", "", "", 
"ICE Trikes (Inspired Cycle Engineering )", "http://www.icetrikes.co/", "true", "", "", 
"IMBA", "", "", "", "", 
"IRO Cycles", "http://www.irocycle.com", "true", "", "", 
"ISM", "", "", "", "", 
"IZIP (Currietech)", "http://www.currietech.com/", "true", "", "", 
"Ibis", "http://www.ibiscycles.com/bikes/", "true", "", "", 
"Ice Trekkers", "", "", "", "", 
"IceToolz", "", "", "", "", 
"Ideal Bikes", "http://www.idealbikes.net/", "true", "", "", 
"Identiti", "http://www.identitibikes.com/", "true", "", "", 
"Incredibell", "", "", "", "", 
"Independent Fabrication", "http://www.ifbikes.com/", "true", "", "", 
"Industrieverband Fahrzeugbau", "", "true", "", "", 
"Industry Nine", "", "", "", "", 
"Infini", "", "", "", "", 
"Inglis (Retrotec)", "http://ingliscycles.com/", "true", "", "", 
"Innerlight Cycles", "http://www.innerlightcycles.com/", "true", "", "", 
"Innova", "", "", "", "", 
"Intense", "http://intensecycles.com/", "true", "", "", 
"Iride Bicycles", "http://www.irideusa.com/", "true", "", "", 
"Iron Horse Bicycles", "http://www.ironhorsebikes.com/", "true", "", "", 
"Isla", "http://www.islabikes.com/", "true", "", "", 
"Issimo Designs", "", "", "", "", 
"Italvega", "http://en.wikipedia.org/wiki/Italvega", "true", "", "", 
"Itera plastic bicycle", "", "true", "", "", 
"Iver Johnson", "", "true", "", "", 
"Iverson", "", "true", "", "", 
"JMC Bicycles", "http://www.jmccycles.com/", "true", "", "", 
"JP Weigle's", "", "", "", "", 
"Jagwire", "", "", "", "", 
"Jamis", "http://www.jamisbikes.com/usa/index.html", "true", "", "", 
"Jan Jansen", "http://www.janjanssen.nl/index.php", "true", "", "", 
"Jandd", "", "", "", "", 
"Javelin", "http://www.javbike.com/", "true", "", "", 
"Jelly Belly", "", "", "", "", 
"JetBoil", "", "", "", "", 
"Jittery Joe's", "", "", "", "", 
"John Cherry bicycles", "http://www.sandsmachine.com/bp_chery.htm", "true", "", "", 
"John Deere ", "", "true", "", "", 
"Jorg & Olif", "http://jorgandolif.com", "true", "", "", 
"Juliana Bicycles", "http://www.julianabicycles.com/en/us", "true", "", "", 
"K-Edge", "", "", "", "", 
"K2", "http://www.k2bike.com/", "true", "", "", 
"KBC", "", "", "", "", 
"KHS Bicycles", "http://khsbicycles.com/", "true", "", "", 
"KMC", "", "", "", "", 
"KS", "", "", "", "", 
"KT Tape", "", "", "", "", 
"KTM", "http://www.ktm.com/us/ready-to-race.html", "true", "", "", 
"KW Bicycle", "http://www.kwcycles.com/", "true", "", "", 
"Kalkhoff", "http://www.kalkhoff-bikes.com/", "true", "", "", 
"Kalloy", "", "", "", "", 
"Katadyn", "", "", "", "", 
"Kazam", "", "", "", "", 
"Keith Bontrager", "http://bontrager.com/history", "true", "", "", 
"Kellys Bicycles", "http://www.kellysbike.com/", "true", "", "", 
"Kenda", "", "", "", "", 
"Kent", "http://www.kentbicycles.com/", "true", "", "", 
"Kestrel", "http://www.kestrelbicycles.com/", "true", "", "", 
"Kettler", "http://www.kettler.co.uk/", "true", "", "", 
"Kind Bar", "", "", "", "", 
"Kinesis", "http://www.kinesisbikes.co.uk/", "true", "", "", 
"Kinesis Industry", "http://www.kinesis.com.tw/", "true", "", "", 
"Kinetic", "", "", "", "", 
"Kinetic Koffee", "", "", "", "", 
"Kink", "http://www.kinkbmx.com", "true", "", "", 
"Kirk", "http://www.kirkframeworks.com/", "true", "", "", 
"Kish Fabrication", "http://www.kishbike.com/", "true", "", "", 
"Kiss My Face", "", "", "", "", 
"Klean Kanteen", "", "", "", "", 
"Klein Bikes", "", "true", "", "", 
"Knog", "", "", "", "", 
"Knolly", "http://knollybikes.com/", "true", "", "", 
"Koga-Miyata", "http://www.koga.com/koga_uk/", "true", "", "", 
"Kogswell Cycles", "", "true", "", "", 
"Kona", "http://www.konaworld.com/", "true", "", "", 
"Kool Kovers", "", "", "", "", 
"Kool-Stop", "", "", "", "", 
"Kreitler", "", "", "", "", 
"Kron", "http://kronbikes.com/", "true", "", "", 
"Kronan", "http://www.kronan.com/en/cykel", "true", "", "", 
"Kross SA", "http://www.kross.pl/", "true", "", "", 
"Kryptonite", "http://www.kryptonitelock.com/Pages/Home.aspx", "false", "", "", 
"Kuat", "", "", "", "", 
"Kuota", "http://www.kuota.it/index.php", "true", "", "", 
"Kustom Kruiser", "", "true", "", "", 
"Kuwahara", "http://kuwahara-bike.com/", "true", "", "", 
"LDG (Livery Design Gruppe)", "http://liverydesigngruppe.com/", "true", "", "", 
"LOW//", "http://lowbicycles.com/", "true", "", "", 
"Land Shark", "http://landsharkbicycles.com/", "true", "", "", 
"Lapierre", "http://www.lapierre-bikes.co.uk/", "true", "", "", 
"Laurin & Klement", "", "true", "", "", 
"Lazer", "", "", "", "", 
"LeMond Racing Cycles", "https://en.wikipedia.org/wiki/LeMond_Racing_Cycles", "true", "", "", 
"Leader Bikes", "http://www.leaderbikeusa.com", "true", "", "", 
"Leg Lube", "", "", "", "", 
"Legacy Frameworks", "http://legacyframeworks.com/", "true", "", "", 
"Lezyne", "", "", "", "", 
"Light My Fire", "", "", "", "", 
"Light and Motion", "", "", "", "", 
"Lightning Cycle Dynamics", "http://www.lightningbikes.com/", "true", "", "", 
"Lightspeed", "http://www.litespeed.com/", "true", "", "", 
"Linus", "http://www.linusbike.com/", "true", "", "", 
"Liotto (Cicli Liotto Gino & Figli)", "http://www.liotto.com/", "true", "", "", 
"Litespeed", "http://www.litespeed.com/", "true", "", "", 
"Liteville", "http://www.liteville.de/", "true", "", "", 
"Lizard Skins", "", "", "", "", 
"Loctite", "", "", "", "", 
"Loekie", "http://www.loekie.nl/", "true", "", "", 
"Lonely Planet", "", "", "", "", 
"Look", "http:// www.lookcycles.com", "true", "", "", 
"Lotus", "", "true", "", "", 
"Louis Garneau", "http://www.louisgarneau.com", "true", "", "", 
"Louison Bobet", "", "true", "", "", 
"Lycoming Engines", "http://www.lycoming.textron.com/", "true", "", "", 
"Lynskey", "http://www.lynskeyperformance.com/", "true", "", "", 
"M Essentials", "", "", "", "", 
"MBK", "http://mbk-cykler.dk/", "true", "", "", 
"MEC (Mountain Equipment Co-op)", "http://www.mec.ca/", "true", "", "", 
"MKS", "", "", "", "", 
"MMR", "http://www.mmrbikes.com/", "true", "", "", 
"MRP", "", "", "", "", 
"MSR", "", "", "", "", 
"MTI Adventurewear", "", "", "", "", 
"Madsen", "http://www.madsencycles.com/", "true", "", "", 
"Madwagon", "", "true", "", "", 
"Magellan", "", "", "", "", 
"Magna", "http://www.magnabike.com/", "true", "", "", 
"Malvern Star", "http://www.malvernstar.com.au/", "true", "", "", 
"ManKind", "http://mankindbmx.com/", "true", "", "", 
"Mango", "http://www.mangobikes.co.uk/", "true", "", "", 
"Manhattan", "http://www.manhattancruisers.com/", "true", "", "", 
"Manitou", "", "", "", "", 
"Map Bicycles", "http://www.mapbicycles.com/", "true", "", "", 
"Maraton", "http://www.bikemaraton.com/", "true", "", "", 
"Marin Bikes", "http://www.marinbikes.com/2013/", "true", "", "", 
"Marinoni", "http://www.marinoni.qc.ca/indexEN.html", "true", "", "", 
"Marson", "", "", "", "", 
"Maruishi", "http://en.maruishi-bike.com.cn/", "true", "", "", 
"Marukin", "http://www.marukin-bicycles.com/", "true", "", "", 
"Marzocchi", "", "", "", "", 
"Masi", "http://www.masibikes.com", "true", "", "", 
"Master Lock", "http://www.masterlockbike.com", "false", "", "", 
"Matchless", "", "true", "", "", 
"Matra", "http://matra.com/pre-home/?___SID=U", "true", "", "", 
"Maverick", "http://www.maverickbike.com/", "true", "", "", 
"Mavic", "", "", "", "", 
"Maxit", "", "", "", "", 
"Maxxis", "", "", "", "", 
"Mechanical Threads", "", "", "", "", 
"Meiser", "", "", "", "", 
"Melon Bicycles", "http://www.melonbicycles.com/", "true", "", "", 
"Mercian Cycles", "http://www.merciancycles.co.uk/", "true", "", "", 
"Mercier", "http://www.cyclesmercier.com", "true", "", "", 
"Merida Bikes", "http://www.merida.com", "true", "", "", 
"Merlin", "http://www.merlinbike.com/", "true", "", "", 
"Merrell", "", "", "", "", 
"MetaBikes", "http://meta-bikes.com/", "true", "", "", 
"Metric Hardware", "", "", "", "", 
"Micajah C. Henley", "", "true", "", "", 
"Micargi", "http://micargibicycles.com/", "true", "", "", 
"Miche", "", "", "", "", 
"Michelin", "", "", "", "", 
"MicroShift", "", "", "", "", 
"Miele bicycles", "http://www.mielebicycles.com/home.html", "true", "", "", 
"Mikkelsen", "http://www.mikkelsenframes.com/", "true", "", "", 
"Milwaukee Bicycle Co.", "http://www.benscycle.net/", "true", "", "", 
"Minoura", "", "", "", "", 
"MirraCo ", "http://mirrabikeco.com/", "true", "", "", 
"Mirrycle", "", "", "", "", 
"Mission Bicycles", "https://www.missionbicycle.com/", "true", "", "", 
"Miyata", "http://www.miyatabicycles.com/", "true", "", "", 
"Mizutani", "", "true", "", "", 
"Monark", "http://www.monarkexercise.se/", "true", "", "", 
"Mondia", "http://en.wikipedia.org/wiki/Mondia", "true", "", "", 
"Mondraker", "http://www.mondraker.com/", "true", "", "", 
"Mongoose", "http://www.mongoose.com/", "true", "", "", 
"Montague", "http://www.montaguebikes.com/", "true", "", "", 
"Moots Cycles", "http://moots.com/", "true", "", "", 
"Mophie", "", "", "", "", 
"Mosaic", "http://mosaiccycles.com/", "true", "", "", 
"Moser Cicli", "http://www.ciclimoser.com/", "true", "", "", 
"Mosh", "", "true", "", "", 
"Mosso", "http://www.mosso.com.tw/", "true", "", "", 
"Moth Attack", "http://mothattack.com/", "true", "", "", 
"Motiv", "http://www.motivelectricbikes.com", "true", "", "", 
"Motobecane", "http://www.motobecane.com/", "true", "", "", 
"Moulden", "", "true", "", "", 
"Moulton Bicycle", "http://www.moultonbicycles.co.uk/", "true", "", "", 
"Mountain Cycles", "", "true", "", "", 
"Mountainsmith", "", "", "", "", 
"Mr. Tuffy", "", "", "", "", 
"Muddy Fox", "http://www.muddyfoxusa.com/", "true", "", "", 
"Murray", "", "true", "", "", 
"Mutant Bikes", "", "", "", "", 
"Mutiny", "http://www.mutinybikes.com/", "true", "", "", 
"N Gear", "", "", "", "", 
"NEMO", "", "", "", "", 
"NS Bikes", "http://www.ns-bikes.com/", "true", "", "", 
"Nakamura", "http://www.nakamura.no/", "true", "", "", 
"Naked", "http://timetogetnaked.com/", "true", "", "", 
"Nalgene", "", "", "", "", 
"Nantucket Bike Basket Company", "", "", "", "", 
"Nashbar", "http://Nashbar.com", "true", "", "", 
"Nathan", "", "", "", "", 
"National", "http://nationalmoto.com/", "true", "", "", 
"Native", "", "", "", "", 
"Neil Pryde", "http://www.neilprydebikes.com/", "true", "", "", 
"Nema", "", "", "", "", 
"Neobike", "http://www.allproducts.com/bike/neobike/", "true", "", "", 
"New Albion", "http://newalbioncycles.com/", "true", "", "", 
"New Balance", "", "", "", "", 
"Next", "http://next-bike.com/", "true", "", "", 
"Niner", "http://www.ninerbikes.com/", "true", "", "", 
"Nirve", "http://www.nirve.com/", "true", "", "", 
"Nishiki", "http://nishiki.com/", "true", "", "", 
"Nite Ize", "", "", "", "", 
"NiteRider", "", "", "", "", 
"Nitto", "", "", "", "", 
"Nokon", "", "", "", "", 
"Norco Bikes", "http://www.norco.com/", "true", "", "", 
"Norman Cycles", "http://www.normanmotorcycles.org.uk/", "true", "", "", 
"North Shore Billet", "", "", "", "", 
"Northrock", "http://www.northrockbikes.com/", "true", "", "", 
"Novara", "", "true", "", "", 
"NuVinci", "", "", "", "", 
"Nukeproof", "http://nukeproof.com/", "true", "", "", 
"Nymanbolagen", "", "true", "", "", 
"O-Stand", "", "", "", "", 
"O2", "", "", "", "", 
"ODI", "", "", "", "", 
"OHM", "http://ohmcycles.com/", "true", "", "", 
"Odyssey", "", "", "", "", 
"Ohio Travel Bag", "", "", "", "", 
"Olmo", "http://www.olmobikes.com/", "true", "", "", 
"On-One (On One)", "http://www.on-one.co.uk/", "true", "", "", 
"OnGuard", "", "", "", "", 
"One Way", "", "", "", "", 
"Opel", "http://opelbikes.com/", "true", "", "", 
"Optic Nerve", "", "", "", "", 
"Optimus", "", "", "", "", 
"Opus", "http://opusbike.com/en/", "true", "", "", 
"Orange", "http://www.orangebikes.co.uk/", "true", "", "", 
"Orange Seal", "", "", "", "", 
"Orbea", "http://www.orbea.com/us-en/", "true", "", "", 
"Orbit", "http://www.orbit-cycles.co.uk/", "true", "", "", 
"Orient Bikes", "http://www.orient-bikes.gr/en", "true", "", "", 
"Origin8 (Origin-8)", "http://www.origin-8.com/", "true", "", "", 
"Ortlieb", "", "", "", "", 
"Other", "", "true", "", "", 
"Otis Guy", "http://www.otisguycycles.com/", "true", "", "", 
"Oury", "", "", "", "", 
"OutGo", "", "", "", "", 
"Owl 360", "", "", "", "", 
"Oyama", "http://www.oyama.eu/", "true", "", "", 
"Ozone", "", "", "", "", 
"PDW", "", "", "", "", 
"POC", "", "", "", "", 
"PUBLIC bikes", "http://publicbikes.com/", "true", "", "", 
"Pace Sportswear", "", "", "", "", 
"Paceline Products", "", "", "", "", 
"Pacific Cycle", "http://www.pacific-cycles.com/", "true", "", "", 
"PackTowl", "", "", "", "", 
"Pake", "http://www.pakebikes.com", "true", "", "", 
"Panaracer", "", "", "", "", 
"Panasonic", "", "true", "", "", 
"Paper Bicycle", "http://www.paper-bicycle.com/", "true", "", "", 
"Park", "", "", "", "", 
"Parkpre", "http://www.parkpre.com/", "true", "", "", 
"Parlee", "http://www.parleecycles.com", "true", "", "", 
"Pasculli","http://www.pasculli.de","true","","","http://www.pasculli.de/wp-content/themes/pasculli/images/pasculli_typo.png"
"Pashley Cycles", "http://www.pashley.co.uk/", "true", "", "", 
"Patria", "http://www.patria.net/en/bicycles/", "true", "", "", 
"Paul", "http://www.paulcomp.com/", "false", "", "", 
"Pearl Izumi", "", "", "", "", 
"Pedco", "", "", "", "", 
"Pedego", "http://www.pedegoelectricbikes.com/", "true", "", "", 
"Pedersen bicycle", "http://www.pedersenbicycles.com/", "true", "", "", 
"Pedro's", "", "", "", "", 
"Pegoretti", "http://www.gitabike.com/cgi-bin/shop/pegoretti_loadhome.cgi?file=pegoretti.html", "true", "", "", 
"Penguin Brands", "", "", "", "", 
"Pereira", "http://www.pereiracycles.com/", "true", "", "", 
"Performance", "http://www.performancebike.com/bikes", "true", "", "", 
"Peugeot", "http://www.peugeot.com/en/products-services/cycles", "true", "", "", 
"Phat Cycles", "http://www.phatcycles.com/", "true", "", "", 
"Phil Wood", "", "", "", "", 
"Philips", "", "", "", "", 
"Phillips Cycles", "http://www.phillipscycles.co.uk/", "true", "", "", 
"Phoenix", "http://www.cccme.org.cn/", "true", "", "", 
"Phorm", "", "", "", "", 
"Pierce-Arrow", "http://www.pierce-arrow.org", "true", "", "", 
"Pilen", "http://www.pilencykel.se/site/en/home", "true", "", "", 
"Pinarello", "http://www.racycles.com/", "true", "", "", 
"Pinhead", "http://www.pinheadcomponents.com/", "false", "", "", 
"Pitlock", "http://www.pitlock.com/", "false", "", "", 
"Pivot", "http://www.pivotcycles.com/", "true", "", "", 
"Planet Bike", "", "", "", "", 
"Planet X", "http://www.planet-x-bikes.co.uk/", "true", "", "", 
"Platypus", "", "", "", "", 
"Pletscher", "", "", "", "", 
"Po Campo", "", "", "", "", 
"Pocket Bicycles", "", "true", "", "", 
"Pogliaghi", "http://en.wikipedia.org/wiki/Pogliaghi", "true", "", "", 
"Polar", "", "", "", "", 
"Polar Bottles", "", "", "", "", 
"Polygon", "http://www.polygonbikes.com/", "true", "", "", 
"Pope Manufacturing Company", "", "true", "", "", 
"Power Grips", "", "", "", "", 
"PowerBar", "", "", "", "", 
"PowerTap", "", "", "", "", 
"Premium", "http://www.premiumbmx.com/", "true", "", "", 
"Primal Wear", "", "", "", "", 
"Primo", "", "", "", "", 
"Primus Mootry (PM Cycle Fabrication)", "http://www.primusmootry.com/", "true", "", "", 
"Princeton Tec", "", "", "", "", 
"Principia", "http://www.principia.dk/gb/", "true", "", "", 
"Private label", "http://www.fujibikes.com/", "true", "", "", 
"Pro-tec", "", "", "", "", 
"ProBar", "", "", "", "", 
"ProGold", "", "", "", "", 
"Problem Solvers", "", "", "", "", 
"Procycle Group", "http://www.procycle.com/en/default.asp", "true", "", "", 
"Prodeco", "http://prodecotech.com/", "true", "", "", 
"Profile Design", "", "", "", "", 
"Profile Racing", "", "", "", "", 
"Prologo", "", "", "", "", 
"Promax", "", "", "", "", 
"Prophete", "http://www.prophete.de/", "true", "", "", 
"Puch", "http://www.puch.at/", "true", "", "", 
"Pure Fix", "http://purefixcycles.com/", "true", "", "", 
"Python", "http://www.pythonbikes.com/", "true", "", "", 
"Python Pro", "http://pythonpro.dk/", "true", "", "", 
"Q-Outdoor", "", "", "", "", 
"Q-Tubes", "", "", "", "", 
"QBP", "", "", "", "", 
"Quadrant Cycle Company", "", "true", "", "", 
"Quest", "", "", "", "", 
"Quik Stik", "", "", "", "", 
"Quintana Roo", "http://www.quintanarootri.com/", "true", "", "", 
"R12", "", "", "", "", 
"RIH", "http://www.rih.nl", "true", "", "", 
"RPM", "", "", "", "", 
"RRB (Rat Rod Bikes)", "https://www.facebook.com/ratrodbikescom", "true", "", "", 
"RST", "", "", "", "", 
"Rabeneick", "http://www.rabeneick.de/bikes/", "true", "", "", 
"RaceFace", "", "", "", "", 
"Racktime", "", "", "", "", 
"Radio Flyer", "http://www.radioflyer.com/trikes.html", "true", "", "", 
"Raleigh", "http://www.raleighusa.com/", "true", "", "", 
"Ram", "http://www.ram-bikes.com/eng/", "true", "", "", 
"Rambler", "http://en.wikipedia.org/wiki/Rambler_(bicycle)", "true", "", "", 
"Rans Designs", "http://www.rans.com/", "true", "", "", 
"RavX", "http://ravx.com/", "", "", "", 
"Rawland Cycles", "https://www.rawlandcycles.com/", "true", "", "", 
"Razor", "http://www.razor.com/", "true", "", "", 
"ReTale", "", "", "", "", 
"Redline", "http://www.redlinebicycles.com", "true", "", "", 
"Redlof", "", "true", "", "", 
"Reflect Sports", "", "", "", "", 
"Regina", "http://www.reginabikes.it/", "true", "", "", 
"Rema", "", "", "", "", 
"Renthal", "", "", "", "", 
"René Herse", "http://www.renehersebicycles.com/", "true", "", "", 
"Republic", "http://www.republicbike.com/", "true", "", "", 
"Republic of China", "", "true", "", "", 
"Resist", "", "", "", "", 
"Retrospec", "http://www.retrospecbicycles.com/", "true", "", "", 
"Revelate Designs", "", "", "", "", 
"Revolights", "http://revolights.com/", "false", "", "", 
"Rhythm", "", "", "", "", 
"Ribble", "http://www.ribblecycles.co.uk/", "true", "", "", 
"Ride2", "", "", "", "", 
"Ridgeback", "http://www.ridgeback.co.uk/", "true", "", "", 
"Ridley", "http://www.ridley-bikes.com/be/nl/intro", "true", "", "", 
"Riese und Müller", "http://www.en.r-m.de/", "true", "", "", 
"Ritchey", "http://ritcheylogic.com/", "true", "", "", 
"Ritte", "http://rittecycles.com/", "true", "", "", 
"Rivendell Bicycle Works", "http://www.rivbike.com/", "true", "", "", 
"Roadmaster", "", "true", "", "", 
"Roberts Cycles", "http://www.robertscycles.com/", "true", "", "", 
"Robin Hood", "http://www.robinhoodcycles.com/", "true", "", "", 
"Rock Lobster", "http://www.rocklobstercycles.com/", "true", "", "", 
"Rock-N-Roll", "", "", "", "", 
"RockShox", "", "", "", "", 
"Rocky Mountain Bicycles", "", "true", "", "", 
"Rocky Mounts", "", "", "", "", 
"Rodriguez", "http://www.rodbikes.com/", "true", "", "", 
"Rohloff", "", "", "", "", 
"Rokform", "", "", "", "", 
"Rola", "", "", "", "", 
"Ross", "http://www.randyrrross.com/", "true", "", "", 
"Rossignol", "", "", "", "", 
"Rossin", "http://rossinbikes.it/", "true", "", "", 
"Rover Company", "http://www.randyrrross.com/", "true", "", "", 
"Rowbike", "http://www.rowbike.com/", "true", "", "", 
"Rox", "", "", "", "", 
"Royal", "", "", "", "", 
"Royce Union ", "http://royceunionbikes.com/", "true", "", "", 
"Rudge-Whitworth", "", "true", "", "", 
"S and M (S&M)", "http://www.sandmbikes.com", "true", "", "", 
"S and S", "", "", "", "", 
"SCOTT", "http://www.scott-sports.com/global/en/", "true", "", "", 
"SDG", "", "", "", "", 
"SE Bikes (SE Racing)", "http://www.sebikes.com", "true", "", "", 
"SKS", "", "", "", "", 
"SLS3", "", "", "", "", 
"SR Suntour", "", "", "", "", 
"SRAM", "http://www.sram.com", "", "", "", 
"SST", "", "", "", "", 
"START", "", "", "", "", 
"SWEAT GUTR", "", "", "", "", 
"Salomon", "", "", "", "", 
"Salsa", "http://salsacycles.com/", "true", "", "", 
"SaltStick", "", "", "", "", 
"Samchuly", "http://www.samchuly.co.kr/main/main.html", "true", "", "", 
"Sancineto", "", "true", "", "", 
"Sanderson", "http://sanderson-cycles.com", "true", "", "", 
"Santa Cruz", "http://www.santacruzbicycles.com/en", "true", "", "", 
"Santana Cycles", "http://www.santanatandem.com/", "true", "", "", 
"Saracen Cycles", "http://www.saracen.co.uk/", "true", "", "", 
"Saris", "", "", "", "", 
"Scania AB", "http://scania.com/", "true", "", "", 
"Scattante", "http://www.performancebike.com/webapp/wcs/stores/servlet/SubCategory_10052_10551_400759_-1_400345_400345", "true", "", "", 
"Schindelhauer", "http://www.schindelhauerbikes.com/", "true", "", "", 
"Schwalbe", "", "", "", "", 
"Schwinn", "http://www.schwinnbikes.com/", "true", "", "", 
"Scotty", "", "", "", "", 
"Seal Line", "", "", "", "", 
"Sears Roebuck", "", "true", "", "", 
"Season", "http://seasonbikesbmx.com/", "true", "", "", 
"Seattle Sports Company", "", "", "", "", 
"Sekai", "", "true", "", "", 
"Sekine", "", "true", "1973", "1982", 
"Selle Anatomica", "http://selleanatomica.com", "false", "", "", 
"Selle Italia", "", "", "", "", 
"Selle Royal", "", "", "", "", 
"Selle San Marco", "", "", "", "", 
"Serotta", "http://serotta.com/", "true", "", "", 
"Sette", "http://www.settebikes.com/", "true", "", "", 
"Seven Cycles", "http://www.sevencycles.com/", "true", "", "", 
"Shadow Conspiracy", "http://www.theshadowconspiracy.com/", "true", "", "", 
"Shelby Cycle Company", "", "true", "", "", 
"Sherpani", "", "", "", "", 
"Shimano", "http://bike.shimano.com", "false", "", "", 
"Shinola", "http://www.shinola.com/", "true", "", "", 
"Shogun", "", "true", "", "", 
"Shredder", "http://lilshredder.com/", "true", "", "", 
"Sidi", "", "", "", "", 
"Sierra Designs", "", "", "", "", 
"Sigma", "", "", "", "", 
"Silca", "", "", "", "", 
"Simple Green", "", "", "", "", 
"Simplon", "http://www.simplon.com", "true", "", "", 
"Simson", "", "true", "", "", 
"Sinclair Research", "http://www.sinclairzx.com/", "true", "", "", 
"Singletrack Solutions", "", "", "", "", 
"Sinz", "", "", "", "", 
"Six-Eleven", "http://sixelevenbicycleco.com/", "true", "", "", 
"SixSixOne", "", "", "", "", 
"Skadi", "", "", "", "", 
"Skinz", "", "", "", "", 
"Skratch Labs", "", "", "", "", 
"Skyway ", "", "true", "", "", 
"Slime", "", "", "", "", 
"Smartwool", "", "", "", "", 
"SockGuy", "", "", "", "", 
"Sohrab Cycles", "http://www.sohrab-cycles.com/index.php", "true", "", "", 
"Solex", "http://www.solexworld.com/en/", "true", "", "", 
"Solio", "", "", "", "", 
"Solé (Sole bicycles)", "http://www.solebicycles.com/", "true", "", "", 
"Soma", "http:// www.somafab.com", "true", "", "", 
"Somec", "http://www.somec.com/", "true", "", "", 
"Sonoma", "http://sonomabike.com/", "true", "", "", 
"Soulcraft", "http://www.soulcraftbikes.com", "true", "", "", 
"Source", "", "", "", "", 
"Spalding Bicycles", "", "true", "", "", 
"Sparta B.V.", "", "true", "", "", 
"Specialized", "http://www.specialized.com/us/en/home/", "true", "", "", 
"Spectrum", "http://www.spectrum-cycles.com/", "true", "", "", 
"Speedfil", "", "", "", "", 
"Speedwell bicycles", "", "true", "", "", 
"Spenco", "", "", "", "", 
"Spicer", "http://www.spicercycles.com/", "true", "", "", 
"SpiderTech", "", "", "", "", 
"Spike", "http://spikeparts.com/", "false", "", "", 
"Spinskins", "", "", "", "", 
"Spooky", "http://www.spookybikes.com", "true", "", "", 
"SportRack", "", "", "", "", 
"Sportlegs", "", "", "", "", 
"Sportourer", "", "", "", "", 
"Spot", "http://spotbrand.com/", "true", "", "", 
"Sprintech", "", "", "", "", 
"Squeal Out", "", "", "", "", 
"Squire", "http://www.squirelocks.co.uk/security_advice/secure_your_bicycle.html", "false", "", "", 
"St. Tropez", "", "true", "", "", 
"Staiger", "http://www.staiger-fahrrad.de/", "true", "", "", 
"Stan's No Tubes", "", "", "", "", 
"Standard Byke", "http://www.standardbyke.com/", "true", "", "", 
"Stanley", "", "", "", "", 
"Stanridge Speed", "http://www.stanridgespeed.com/", "true", "", "", 
"State Bicycle Co.", "http://www.statebicycle.com/", "true", "", "", 
"Steadyrack", "", "", "", "", 
"Steelman Cycles", "http://www.steelmancycles.com/", "true", "", "", 
"Stein", "", "", "", "", 
"Stein Trikes", "http://www.steintrikes.com/index.php", "true", "", "", 
"Stelber Cycle Corp", "", "true", "", "", 
"Stella", "", "true", "", "", 
"Stem CAPtain", "", "", "", "", 
"Sterling Bicycle Co.", "", "true", "", "", 
"Steve Potts", "http://www.stevepottsbicycles.com", "true", "", "", 
"Stevens", "http://www.stevensbikes.de/2014/index.php", "true", "", "", 
"Stevenson Custom Bicycles", "http://stevensoncustombikes.com/", "true", "", "", 
"Stoemper", "http://stoemper.com/", "true", "", "", 
"Stolen Bicycle Co.", "", "true", "", "", 
"Stop Flats 2", "", "", "", "", 
"Strada Customs", "http://www.stradacustoms.com", "true", "", "", 
"Stradalli Cycles", "http://www.carbonroadbikebicyclecycling.com/", "true", "", "", 
"Straitline", "", "", "", "", 
"Strida", "", "true", "", "", 
"Strider", "http://www.striderbikes.com/", "true", "", "", 
"Stromer", "http://www.stromerbike.com/en/us", "true", "", "", 
"Strong Frames", "http://www.strongframes.com/", "true", "", "", 
"Sturmey-Archer", "", "", "", "", 
"Stålhästen", "http://www.stalhasten.eu/st%C3%A5lh%C3%A4sten", "true", "", "", 
"Subrosa", "http://subrosabrand.com/", "true", "", "", 
"Suelo", "", "", "", "", 
"Sugino", "", "", "", "", 
"Sun", "", "true", "", "", 
"Sun Ringle", "", "", "", "", 
"SunRace", "http://www.sunrace.com/", "true", "", "", 
"Sunday", "http://www.sundaybikes.com", "true", "", "", 
"Sunn", "https://www.facebook.com/sunn.bicycle", "true", "", "", 
"Suomi", "", "", "", "", 
"Superfeet", "", "", "", "", 
"Supernova", "", "", "", "", 
"Surly", "http://surlybikes.com", "true", "", "", 
"Surrey", "http://www.internationalsurreyco.com", "true", "", "", 
"Sutherlands", "", "", "", "", 
"Suunto", "", "", "", "", 
"Suzuki", "", "true", "", "", 
"Sweatpea Bicycles", "http://www.sweetpeabicycles.com/", "true", "", "", 
"Swingset", "http://www.swingsetbicycles.com/", "true", "", "", 
"Swix", "", "", "", "", 
"Swobo", "http://shop.swobo.com/", "true", "", "", 
"SyCip", "http://sycip.com/", "true", "", "", 
"Syntace", "", "", "", "", 
"T Mat Pro", "", "", "", "", 
"TET Cycles (Tom Teesdale Bikes)", "http://tetcycles.com/", "true", "", "", 
"TH Industries", "", "", "", "", 
"TI Cycles of India", "", "true", "", "", 
"TRP", "", "", "", "", 
"TYR", "", "", "", "", 
"Tacx", "", "", "", "", 
"Takara", "http://takarabikes.com/", "true", "", "", 
"Talisman", "", "true", "", "", 
"Tamer", "", "", "", "", 
"Tange-Seiki", "", "", "", "", 
"Tangent Products", "", "", "", "", 
"Tati Cycles", "http://taticycles.com/", "true", "2006", "", https://bikeindex.s3.amazonaws.com/uploads/Ma/1209/tati.jpg 
"Taylor Bicycles (Paul Taylor)", "http://taylorbicycles.blogspot.com/", "true", "", "", 
"Tec Labs", "", "", "", "", 
"Tektro", "", "", "", "", 
"Tern", "http://www.ternbicycles.com/us/", "true", "", "", 
"Terra Trike", "http://www.terratrike.com/", "true", "", "", 
"Terrible One", "http://www.terribleone.com", "true", "", "", 
"Terrot", "", "true", "", "", 
"Terry", "http://www.terrybicycles.com/", "true", "", "", 
"The Arthur Pequegnat Clock Company", "", "true", "", "", 
"The Bicycle Forge", "http://www.bicycleforge.com/", "true", "", "", 
"The Hive", "", "", "", "", 
"Thinksport", "", "", "", "", 
"Thomson", "", "", "", "", 
"Thorn Cycles", "", "true", "", "", 
"Thruster", "http://walmart.com", "true", "", "", 
"Thule", "", "", "", "", 
"Ti Cycles", "http://ticycles.com/", "true", "", "", 
"Tigr", "http://tigrlock.com", "false", "", "", 
"Timbuk2", "", "", "", "", 
"Time", "http://www.time-sport.com/", "true", "", "", 
"Timex", "", "", "", "", 
"Tioga", "", "", "", "", 
"Titan", "http://www.titanracingbikes.com/", "true", "", "", 
"Titus", "http://www.titusti.com", "true", "", "", 
"Toko", "", "", "", "", 
"Tommasini", "http://tommasinibicycle.com/", "true", "", "", 
"Tommaso", "http://tommasobikes.com/", "true", "", "", 
"Tony Hawk", "http://www.toysrus.com/", "true", "", "", 
"Topeak", "", "", "", "", 
"TorHans", "", "", "", "", 
"Torelli", "http://www.torelli.com/", "true", "", "", 
"Torker", "", "true", "", "", 
"Tour de France", "http://cyclefg.com/", "true", "", "", 
"Toyo", "http://toyoframe.com/", "true", "", "", 
"Trail a bike (Adams)", "http://www.trail-a-bike.com/", "true", "", "", 
"Traitor", "http://www.traitorcycles.com", "true", "", "", 
"Transit", "http://www.performancebike.com/bikes/CategoryDisplay?catalogId=10551&storeId=10052&categoryId=400763&langId=-1&parent_category_rn=400345&top_category=400345&pageView=", "false", "", "", 
"Transition Bikes", "http://www.transitionbikes.com/", "true", "", "", 
"Tranz-X", "", "", "", "", 
"Tree", "", "", "", "", 
"Trek", "http://www.trekbikes.com/us/en/", "true", "", "", 
"Tressostar", "", "", "", "", 
"TriFlow", "", "", "", "", 
"TriSlide", "", "", "", "", 
"TriSwim", "", "", "", "", 
"Trigger Point", "", "", "", "", 
"Trik Topz", "", "", "", "", 
"Trinx", "http://www.trinx.com/", "true", "", "", 
"Triumph Cycle", "", "true", "", "", 
"TruVativ", "", "", "", "", 
"Tubasti", "", "", "", "", 
"Tufo", "", "", "", "", 
"Tunturi", "", "true", "", "", 
"Turin", "http://www.turinbicycle.com/", "true", "", "", 
"Turner Bicycles", "http://www.turnerbikes.com/", "true", "", "", 
"Twin Six", "", "", "", "", 
"TwoFish", "", "", "", "", 
"UCLEAR", "", "", "", "", 
"UCO", "", "", "", "", 
"Uline", "", "", "", "", 
"Ultimate Survival Technologies", "", "", "", "", 
"UltraPaws", "", "", "", "", 
"Umberto Dei", "http://umbertodei.it/index.htm", "true", "", "", 
"Unior", "", "", "", "", 
"Univega", "", "true", "", "", 
"Unknown", "", "true", "", "", 
"Upland", "http://www.uplandbicycles.com/", "true", "", "", 
"Urago", "", "true", "", "", 
"Utopia", "", "true", "", "", 
"VP Components", "", "", "", "", 
"VSF Fahrradmanufaktur", "http://www.fahrradmanufaktur.de", "true", "", "", 
"Valdora", "", "true", "", "", 
"Van Dessel", "http://www.vandesselsports.com/", "true", "", "", 
"Van Herwerden", "http://www.vanherwerden.nl/", "true", "", "", 
"Vanilla", "http://www.thevanillaworkshop.com/", "true", "", "", 
"Vanmoof", "http://vanmoof.com/", "true", "", "", 
"Vargo", "", "", "", "", 
"Vassago", "http://www.vassagocycles.com/", "true", "", "", 
"Vee Rubber", "", "", "", "", 
"Velo", "", "", "", "", 
"Velo Orange", "http://www.velo-orange.com/", "true", "", "", 
"Velo Press", "", "", "", "", 
"Velo Vie", "", "true", "", "", 
"Velocity", "", "", "", "", 
"Velomotors", "", "true", "", "", 
"Velorbis", "http://www.velorbis.com/velorbis-collections/velorbis-bicycles", "true", "", "", 
"Velox", "", "", "", "", 
"Verde", "http://verdebmx.com/2013completes/", "true", "", "", 
"Versa", "", "", "", "", 
"Vilano", "http://www.vilanobikes.com", "true", "", "", 
"Villy Customs", "", "true", "", "", 
"Vincero Design", "", "", "", "", 
"Vindec High Riser", "", "true", "", "", 
"Virtue", "http://www.virtuebike.com", "true", "", "", 
"Viscount", "", "true", "", "", 
"Vision", "http://www.visiontechusa.com/", "true", "", "", 
"Vittoria", "", "", "", "", 
"Vitus", "", "true", "", "", 
"Viva", "http://www.vivabikes.com/", "true", "", "", 
"Vivente", "http://www.viventebikes.com/", "true", "", "", 
"Volae", "", "true", "", "", 
"Volagi", "http://www.volagi.com/", "true", "", "", 
"Volume", "", "true", "", "", 
"Voodoo", "http://voodoocycles.net/", "true", "", "", 
"Vortrieb", "http://www.vortrieb.com/", "true", "", "", 
"VéloSoleX", "", "true", "", "", 
"WD-40 Bike", "", "", "", "", 
"WTB", "", "", "", "", 
"Wabi Cycles", "http://www.wabicycles.com/index.html", "true", "", "", 
"Wahoo Fitness", "", "", "", "", 
"Wald", "", "", "", "", 
"Walking Bird", "", "", "", "", 
"Waterford", "http://waterfordbikes.com/w/", "true", "", "", 
"WeThePeople", "", "true", "", "", 
"WeeRide", "http://www.weeride.com/", "true", "", "", 
"Weehoo", "http://rideweehoo.com/", "true", "", "", 
"Wellgo", "", "", "", "", 
"Wheels Manufacturing", "", "", "", "", 
"Wheelsmith", "", "", "", "", 
"Where to Bike", "", "", "", "", 
"Whisky Parts Co", "", "", "", "", 
"Whispbar", "", "", "", "", 
"White Bros", "", "", "", "", 
"White Lightning", "", "", "", "", 
"Wigwam", "", "", "", "", 
"Wilderness Trail Bikes", "", "true", "", "", 
"Wilier Triestina", "", "true", "", "", 
"Williams", "", "", "", "", 
"Willworx", "", "", "", "", 
"Win", "", "", "", "", 
"Windsor", "http://www.windsorbicycles.com/", "true", "", "", 
"Winora", "http://www.winora.de/", "true", "", "", 
"Winter Bicycles", "http://www.winterbicycles.com/", "true", "", "", 
"Wippermann", "", "", "", "", 
"Witcomb Cycles", "", "true", "", "", 
"Witz", "", "", "", "", 
"Wooden Bike Coffee", "", "", "", "", 
"WordLock", "http://wordlock.com/", "true", "", "", 
"WorkCycles", "http://www.workcycles.com/", "true", "", "", 
"Worksman Cycles", "http://www.worksmancycles.com/", "true", "", "", 
"World Jerseys", "", "", "", "", 
"Wright Cycle Company", "", "true", "", "", 
"X-Fusion", "", "", "", "", 
"X-Lab", "", "", "", "", 
"X-Treme", "http://www.x-tremescooters.com", "true", "", "", 
"Xds", "http://www.xdsbicycles.com/", "true", "", "", 
"Xootr", "", "true", "", "", 
"Xpedo", "", "", "", "", 
"Xtracycle", "http://www.xtracycle.com/", "true", "", "", 
"YST", "", "", "", "", 
"Yakima", "", "", "", "", 
"Yaktrax", "", "", "", "", 
"Yamaguchi Bicycles", "http://www.yamaguchibike.com/content/Index", "true", "", "", 
"Yamaha", "", "true", "", "", 
"Yankz", "", "", "", "", 
"Yeti", "http://www.yeticycles.com", "true", "", "", 
"Yuba", "http://yubabikes.com/", "true", "", "", 
"Yurbuds", "", "", "", "", 
"Zensah", "", "", "", "", 
"Zigo", "", "true", "", "", 
"Zinn Cycles", "http://zinncycles.com", "true", "", "", 
"Zipp Speed Weaponry", "", "", "", "", 
"Zoic", "", "", "", "", 
"Zoom", "", "", "", "", 
"Zoot", "", "", "", "", 
"Zycle Fix", "http://zyclefix.com/", "true", "", "", 
"b'Twin", "http://www.btwin.com/en/home", "true", "", "", 
"de Fietsfabriek ", "http://www.defietsfabriek.nl/", "true", "", "", 
"di Florino", "", "true", "", "", 
"e*thirteen", "", "false", "", "", 
"eGear", "", "", "", "", 
"eZip", "http://www.currietech.com/", "true", "", "", 
"eflow (Currietech)", "http://www.currietech.com/", "true", "", "", 
"elete", "", "", "", "", 
"epicRIDES", "", "", "", "", 
"name", "http:// website", "true", "", "", 
"nuun", "", "", "", "", 
"sixthreezero", "http://www.sixthreezero.com/", "true", "", "", 
"van Andel/Bakfiets", "http://www.bakfiets.nl/", "true", "", "", 
